{
  "quiz": [
    {
      "questionText": "Everything in react is a ",
      "answerOptions": [
        { "answerText": "Module", "isCorrect": false },
        { "answerText": "Component", "isCorrect": true },
        { "answerText": "Package", "isCorrect": false },
        { "answerText": "Class", "isCorrect": false }
      ]
    },{
      "questionText": "Everything 1 in react is a ",
      "answerOptions": [
        { "answerText": "Module", "isCorrect": false },
        { "answerText": "Component", "isCorrect": true },
        { "answerText": "Package", "isCorrect": false },
        { "answerText": "Class", "isCorrect": false }
      ]
    },{
      "questionText": "Everything 2 in react is a ",
      "answerOptions": [
        { "answerText": "Module", "isCorrect": false },
        { "answerText": "Component", "isCorrect": true },
        { "answerText": "Package", "isCorrect": false },
        { "answerText": "Class", "isCorrect": false }
      ]
    },{
      "questionText": "Everything 3 in react is a ",
      "answerOptions": [
        { "answerText": "Module", "isCorrect": false },
        { "answerText": "Component", "isCorrect": true },
        { "answerText": "Package", "isCorrect": false },
        { "answerText": "Class", "isCorrect": false }
      ]
    },{
      "questionText": "Everything 4 in react is a ",
      "answerOptions": [
        { "answerText": "Module", "isCorrect": false },
        { "answerText": "Component", "isCorrect": true },
        { "answerText": "Package", "isCorrect": false },
        { "answerText": "Class", "isCorrect": false }
      ]
    },{
      "questionText": "Everything 5 in react is a ",
      "answerOptions": [s
        { "answerText": "Module", "isCorrect": false },
        { "answerText": "Component", "isCorrect": true },
        { "answerText": "Package", "isCorrect": false },
        { "answerText": "Class", "isCorrect": false }
      ]
    },{
      "questionText": "Everything in react is a ",
      "answerOptions": [
        { "answerText": "Module", "isCorrect": false },
        { "answerText": "Component", "isCorrect": true },
        { "answerText": "Package", "isCorrect": false },
        { "answerText": "Class", "isCorrect": false }
      ]
    },{
      "questionText": "Everything in react is a ",
      "answerOptions": [
        { "answerText": "Module", "isCorrect": false },
        { "answerText": "Component", "isCorrect": true },
        { "answerText": "Package", "isCorrect": false },
        { "answerText": "Class", "isCorrect": false }
      ]
    },  ]
}
